ProductRegNo,SLPID,TAC,RegType,IMEI,productCategory,modelId,modelDescription,consigneeName
SQASI/20/LBL/759822,HIDF15000115,RGCF/06A/0120/S(19-5116),IMEI,863203041145356,,,"B535-235 [Support: 802.11 a/b/g/n /ac] [802.11 b/g/n: 2400 MHz - 2483.5 MHz] [802.11 a/n/ac: 5150 MHz - 5350 MHz, 5470 MHz – 5650 MHz]",HUAWEI TECHNOLOGIES (MALAYSIA) SDN. BHD
SQASI/20/LBL/759822,HIDF15000115,RGCF/06A/0120/S(19-5116),IMEI,863203041145372,,,"B535-235 [Support: 802.11 a/b/g/n /ac] [802.11 b/g/n: 2400 MHz - 2483.5 MHz] [802.11 a/n/ac: 5150 MHz - 5350 MHz, 5470 MHz – 5650 MHz]",HUAWEI TECHNOLOGIES (MALAYSIA) SDN. BHD
SQASI/20/LBL/759822,HIDF15000115,RGCF/06A/0120/S(19-5116),IMEI,863203041145380,,,"B535-235 [Support: 802.11 a/b/g/n /ac] [802.11 b/g/n: 2400 MHz - 2483.5 MHz] [802.11 a/n/ac: 5150 MHz - 5350 MHz, 5470 MHz – 5650 MHz]",HUAWEI TECHNOLOGIES (MALAYSIA) SDN. BHD
SQASI/20/LBL/759822,HIDF15000115,RGCF/06A/0120/S(19-5116),IMEI,863203041145398,,,"B535-235 [Support: 802.11 a/b/g/n /ac] [802.11 b/g/n: 2400 MHz - 2483.5 MHz] [802.11 a/n/ac: 5150 MHz - 5350 MHz, 5470 MHz – 5650 MHz]",HUAWEI TECHNOLOGIES (MALAYSIA) SDN. BHD
SQASI/20/LBL/759822,HIDF15000115,RGCF/06A/0120/S(19-5116),IMEI,863203041145406,,,"B535-235 [Support: 802.11 a/b/g/n /ac] [802.11 b/g/n: 2400 MHz - 2483.5 MHz] [802.11 a/n/ac: 5150 MHz - 5350 MHz, 5470 MHz – 5650 MHz]",HUAWEI TECHNOLOGIES (MALAYSIA) SDN. BHD
SQASI/20/LBL/759822,HIDF15000115,RGCF/06A/0120/S(19-5116),IMEI,863203041145414,,,"B535-235 [Support: 802.11 a/b/g/n /ac] [802.11 b/g/n: 2400 MHz - 2483.5 MHz] [802.11 a/n/ac: 5150 MHz - 5350 MHz, 5470 MHz – 5650 MHz]",HUAWEI TECHNOLOGIES (MALAYSIA) SDN. BHD
SQASI/20/LBL/759822,HIDF15000115,RGCF/06A/0120/S(19-5116),IMEI,863203041145422,,,"B535-235 [Support: 802.11 a/b/g/n /ac] [802.11 b/g/n: 2400 MHz - 2483.5 MHz] [802.11 a/n/ac: 5150 MHz - 5350 MHz, 5470 MHz – 5650 MHz]",HUAWEI TECHNOLOGIES (MALAYSIA) SDN. BHD
SQASI/20/LBL/759822,HIDF15000115,RGCF/06A/0120/S(19-5116),IMEI,863203041145430,,,"B535-235 [Support: 802.11 a/b/g/n /ac] [802.11 b/g/n: 2400 MHz - 2483.5 MHz] [802.11 a/n/ac: 5150 MHz - 5350 MHz, 5470 MHz – 5650 MHz]",HUAWEI TECHNOLOGIES (MALAYSIA) SDN. BHD
SQASI/20/LBL/759822,HIDF15000115,RGCF/06A/0120/S(19-5116),IMEI,863203041145448,,,"B535-235 [Support: 802.11 a/b/g/n /ac] [802.11 b/g/n: 2400 MHz - 2483.5 MHz] [802.11 a/n/ac: 5150 MHz - 5350 MHz, 5470 MHz – 5650 MHz]",HUAWEI TECHNOLOGIES (MALAYSIA) SDN. BHD
SQASI/20/LBL/759822,HIDF15000115,RGCF/06A/0120/S(19-5116),IMEI,863203041145455,,,"B535-235 [Support: 802.11 a/b/g/n /ac] [802.11 b/g/n: 2400 MHz - 2483.5 MHz] [802.11 a/n/ac: 5150 MHz - 5350 MHz, 5470 MHz – 5650 MHz]",HUAWEI TECHNOLOGIES (MALAYSIA) SDN. BHD
SQASI/20/LBL/759822,HIDF15000115,RGCF/06A/0120/S(19-5116),IMEI,863203041145463,,,"B535-235 [Support: 802.11 a/b/g/n /ac] [802.11 b/g/n: 2400 MHz - 2483.5 MHz] [802.11 a/n/ac: 5150 MHz - 5350 MHz, 5470 MHz – 5650 MHz]",HUAWEI TECHNOLOGIES (MALAYSIA) SDN. BHD
SQASI/20/LBL/759822,HIDF15000115,RGCF/06A/0120/S(19-5116),IMEI,863203041145471,,,"B535-235 [Support: 802.11 a/b/g/n /ac] [802.11 b/g/n: 2400 MHz - 2483.5 MHz] [802.11 a/n/ac: 5150 MHz - 5350 MHz, 5470 MHz – 5650 MHz]",HUAWEI TECHNOLOGIES (MALAYSIA) SDN. BHD
SQASI/20/LBL/759822,HIDF15000115,RGCF/06A/0120/S(19-5116),IMEI,863203041145489,,,"B535-235 [Support: 802.11 a/b/g/n /ac] [802.11 b/g/n: 2400 MHz - 2483.5 MHz] [802.11 a/n/ac: 5150 MHz - 5350 MHz, 5470 MHz – 5650 MHz]",HUAWEI TECHNOLOGIES (MALAYSIA) SDN. BHD
SQASI/20/LBL/759822,HIDF15000115,RGCF/06A/0120/S(19-5116),IMEI,863203041145497,,,"B535-235 [Support: 802.11 a/b/g/n /ac] [802.11 b/g/n: 2400 MHz - 2483.5 MHz] [802.11 a/n/ac: 5150 MHz - 5350 MHz, 5470 MHz – 5650 MHz]",HUAWEI TECHNOLOGIES (MALAYSIA) SDN. BHD
SQASI/20/LBL/759822,HIDF15000115,RGCF/06A/0120/S(19-5116),IMEI,863203041145505,,,"B535-235 [Support: 802.11 a/b/g/n /ac] [802.11 b/g/n: 2400 MHz - 2483.5 MHz] [802.11 a/n/ac: 5150 MHz - 5350 MHz, 5470 MHz – 5650 MHz]",HUAWEI TECHNOLOGIES (MALAYSIA) SDN. BHD
SQASI/20/LBL/759822,HIDF15000115,RGCF/06A/0120/S(19-5116),IMEI,863203041145513,,,"B535-235 [Support: 802.11 a/b/g/n /ac] [802.11 b/g/n: 2400 MHz - 2483.5 MHz] [802.11 a/n/ac: 5150 MHz - 5350 MHz, 5470 MHz – 5650 MHz]",HUAWEI TECHNOLOGIES (MALAYSIA) SDN. BHD
SQASI/20/LBL/759822,HIDF15000115,RGCF/06A/0120/S(19-5116),IMEI,863203041145521,,,"B535-235 [Support: 802.11 a/b/g/n /ac] [802.11 b/g/n: 2400 MHz - 2483.5 MHz] [802.11 a/n/ac: 5150 MHz - 5350 MHz, 5470 MHz – 5650 MHz]",HUAWEI TECHNOLOGIES (MALAYSIA) SDN. BHD
SQASI/20/LBL/759822,HIDF15000115,RGCF/06A/0120/S(19-5116),IMEI,863203041145539,,,"B535-235 [Support: 802.11 a/b/g/n /ac] [802.11 b/g/n: 2400 MHz - 2483.5 MHz] [802.11 a/n/ac: 5150 MHz - 5350 MHz, 5470 MHz – 5650 MHz]",HUAWEI TECHNOLOGIES (MALAYSIA) SDN. BHD
SQASI/20/LBL/759822,HIDF15000115,RGCF/06A/0120/S(19-5116),IMEI,863203041145547,,,"B535-235 [Support: 802.11 a/b/g/n /ac] [802.11 b/g/n: 2400 MHz - 2483.5 MHz] [802.11 a/n/ac: 5150 MHz - 5350 MHz, 5470 MHz – 5650 MHz]",HUAWEI TECHNOLOGIES (MALAYSIA) SDN. BHD
SQASI/20/LBL/759822,HIDF15000115,RGCF/06A/0120/S(19-5116),IMEI,863203041145554,,,"B535-235 [Support: 802.11 a/b/g/n /ac] [802.11 b/g/n: 2400 MHz - 2483.5 MHz] [802.11 a/n/ac: 5150 MHz - 5350 MHz, 5470 MHz – 5650 MHz]",HUAWEI TECHNOLOGIES (MALAYSIA) SDN. BHD
SQASI/20/LBL/759822,HIDF15000115,RGCF/06A/0120/S(19-5116),IMEI,863203041145562,,,"B535-235 [Support: 802.11 a/b/g/n /ac] [802.11 b/g/n: 2400 MHz - 2483.5 MHz] [802.11 a/n/ac: 5150 MHz - 5350 MHz, 5470 MHz – 5650 MHz]",HUAWEI TECHNOLOGIES (MALAYSIA) SDN. BHD
SQASI/20/LBL/759822,HIDF15000115,RGCF/06A/0120/S(19-5116),IMEI,863203041145570,,,"B535-235 [Support: 802.11 a/b/g/n /ac] [802.11 b/g/n: 2400 MHz - 2483.5 MHz] [802.11 a/n/ac: 5150 MHz - 5350 MHz, 5470 MHz – 5650 MHz]",HUAWEI TECHNOLOGIES (MALAYSIA) SDN. BHD
SQASI/20/LBL/759822,HIDF15000115,RGCF/06A/0120/S(19-5116),IMEI,863203041145588,,,"B535-235 [Support: 802.11 a/b/g/n /ac] [802.11 b/g/n: 2400 MHz - 2483.5 MHz] [802.11 a/n/ac: 5150 MHz - 5350 MHz, 5470 MHz – 5650 MHz]",HUAWEI TECHNOLOGIES (MALAYSIA) SDN. BHD
SQASI/20/LBL/759822,HIDF15000115,RGCF/06A/0120/S(19-5116),IMEI,863203041145596,,,"B535-235 [Support: 802.11 a/b/g/n /ac] [802.11 b/g/n: 2400 MHz - 2483.5 MHz] [802.11 a/n/ac: 5150 MHz - 5350 MHz, 5470 MHz – 5650 MHz]",HUAWEI TECHNOLOGIES (MALAYSIA) SDN. BHD
SQASI/20/LBL/759822,HIDF15000115,RGCF/06A/0120/S(19-5116),IMEI,863203041145604,,,"B535-235 [Support: 802.11 a/b/g/n /ac] [802.11 b/g/n: 2400 MHz - 2483.5 MHz] [802.11 a/n/ac: 5150 MHz - 5350 MHz, 5470 MHz – 5650 MHz]",HUAWEI TECHNOLOGIES (MALAYSIA) SDN. BHD
SQASI/20/LBL/759822,HIDF15000115,RGCF/06A/0120/S(19-5116),IMEI,863203041145612,,,"B535-235 [Support: 802.11 a/b/g/n /ac] [802.11 b/g/n: 2400 MHz - 2483.5 MHz] [802.11 a/n/ac: 5150 MHz - 5350 MHz, 5470 MHz – 5650 MHz]",HUAWEI TECHNOLOGIES (MALAYSIA) SDN. BHD
SQASI/20/LBL/759822,HIDF15000115,RGCF/06A/0120/S(19-5116),IMEI,863203041145620,,,"B535-235 [Support: 802.11 a/b/g/n /ac] [802.11 b/g/n: 2400 MHz - 2483.5 MHz] [802.11 a/n/ac: 5150 MHz - 5350 MHz, 5470 MHz – 5650 MHz]",HUAWEI TECHNOLOGIES (MALAYSIA) SDN. BHD
SQASI/20/LBL/759822,HIDF15000115,RGCF/06A/0120/S(19-5116),IMEI,863203041145638,,,"B535-235 [Support: 802.11 a/b/g/n /ac] [802.11 b/g/n: 2400 MHz - 2483.5 MHz] [802.11 a/n/ac: 5150 MHz - 5350 MHz, 5470 MHz – 5650 MHz]",HUAWEI TECHNOLOGIES (MALAYSIA) SDN. BHD
SQASI/20/LBL/759822,HIDF15000115,RGCF/06A/0120/S(19-5116),IMEI,863203041145646,,,"B535-235 [Support: 802.11 a/b/g/n /ac] [802.11 b/g/n: 2400 MHz - 2483.5 MHz] [802.11 a/n/ac: 5150 MHz - 5350 MHz, 5470 MHz – 5650 MHz]",HUAWEI TECHNOLOGIES (MALAYSIA) SDN. BHD
SQASI/20/LBL/759822,HIDF15000115,RGCF/06A/0120/S(19-5116),IMEI,863203041145653,,,"B535-235 [Support: 802.11 a/b/g/n /ac] [802.11 b/g/n: 2400 MHz - 2483.5 MHz] [802.11 a/n/ac: 5150 MHz - 5350 MHz, 5470 MHz – 5650 MHz]",HUAWEI TECHNOLOGIES (MALAYSIA) SDN. BHD
SQASI/20/LBL/759822,HIDF15000115,RGCF/06A/0120/S(19-5116),IMEI,863203041145661,,,"B535-235 [Support: 802.11 a/b/g/n /ac] [802.11 b/g/n: 2400 MHz - 2483.5 MHz] [802.11 a/n/ac: 5150 MHz - 5350 MHz, 5470 MHz – 5650 MHz]",HUAWEI TECHNOLOGIES (MALAYSIA) SDN. BHD
SQASI/20/LBL/759822,HIDF15000115,RGCF/06A/0120/S(19-5116),IMEI,863203041145679,,,"B535-235 [Support: 802.11 a/b/g/n /ac] [802.11 b/g/n: 2400 MHz - 2483.5 MHz] [802.11 a/n/ac: 5150 MHz - 5350 MHz, 5470 MHz – 5650 MHz]",HUAWEI TECHNOLOGIES (MALAYSIA) SDN. BHD
SQASI/20/LBL/759822,HIDF15000115,RGCF/06A/0120/S(19-5116),IMEI,863203041145687,,,"B535-235 [Support: 802.11 a/b/g/n /ac] [802.11 b/g/n: 2400 MHz - 2483.5 MHz] [802.11 a/n/ac: 5150 MHz - 5350 MHz, 5470 MHz – 5650 MHz]",HUAWEI TECHNOLOGIES (MALAYSIA) SDN. BHD
SQASI/20/LBL/759822,HIDF15000115,RGCF/06A/0120/S(19-5116),IMEI,863203041145695,,,"B535-235 [Support: 802.11 a/b/g/n /ac] [802.11 b/g/n: 2400 MHz - 2483.5 MHz] [802.11 a/n/ac: 5150 MHz - 5350 MHz, 5470 MHz – 5650 MHz]",HUAWEI TECHNOLOGIES (MALAYSIA) SDN. BHD
SQASI/20/LBL/759822,HIDF15000115,RGCF/06A/0120/S(19-5116),IMEI,863203041145703,,,"B535-235 [Support: 802.11 a/b/g/n /ac] [802.11 b/g/n: 2400 MHz - 2483.5 MHz] [802.11 a/n/ac: 5150 MHz - 5350 MHz, 5470 MHz – 5650 MHz]",HUAWEI TECHNOLOGIES (MALAYSIA) SDN. BHD
SQASI/20/LBL/759822,HIDF15000115,RGCF/06A/0120/S(19-5116),IMEI,863203041145711,,,"B535-235 [Support: 802.11 a/b/g/n /ac] [802.11 b/g/n: 2400 MHz - 2483.5 MHz] [802.11 a/n/ac: 5150 MHz - 5350 MHz, 5470 MHz – 5650 MHz]",HUAWEI TECHNOLOGIES (MALAYSIA) SDN. BHD
SQASI/20/LBL/759822,HIDF15000115,RGCF/06A/0120/S(19-5116),IMEI,863203041145729,,,"B535-235 [Support: 802.11 a/b/g/n /ac] [802.11 b/g/n: 2400 MHz - 2483.5 MHz] [802.11 a/n/ac: 5150 MHz - 5350 MHz, 5470 MHz – 5650 MHz]",HUAWEI TECHNOLOGIES (MALAYSIA) SDN. BHD
SQASI/20/LBL/759822,HIDF15000115,RGCF/06A/0120/S(19-5116),IMEI,863203041145737,,,"B535-235 [Support: 802.11 a/b/g/n /ac] [802.11 b/g/n: 2400 MHz - 2483.5 MHz] [802.11 a/n/ac: 5150 MHz - 5350 MHz, 5470 MHz – 5650 MHz]",HUAWEI TECHNOLOGIES (MALAYSIA) SDN. BHD
SQASI/20/LBL/759822,HIDF15000115,RGCF/06A/0120/S(19-5116),IMEI,863203041145745,,,"B535-235 [Support: 802.11 a/b/g/n /ac] [802.11 b/g/n: 2400 MHz - 2483.5 MHz] [802.11 a/n/ac: 5150 MHz - 5350 MHz, 5470 MHz – 5650 MHz]",HUAWEI TECHNOLOGIES (MALAYSIA) SDN. BHD
SQASI/20/LBL/759822,HIDF15000115,RGCF/06A/0120/S(19-5116),IMEI,863203041145752,,,"B535-235 [Support: 802.11 a/b/g/n /ac] [802.11 b/g/n: 2400 MHz - 2483.5 MHz] [802.11 a/n/ac: 5150 MHz - 5350 MHz, 5470 MHz – 5650 MHz]",HUAWEI TECHNOLOGIES (MALAYSIA) SDN. BHD
SQASI/20/LBL/759822,HIDF15000115,RGCF/06A/0120/S(19-5116),IMEI,863203041145760,,,"B535-235 [Support: 802.11 a/b/g/n /ac] [802.11 b/g/n: 2400 MHz - 2483.5 MHz] [802.11 a/n/ac: 5150 MHz - 5350 MHz, 5470 MHz – 5650 MHz]",HUAWEI TECHNOLOGIES (MALAYSIA) SDN. BHD
SQASI/20/LBL/759822,HIDF15000115,RGCF/06A/0120/S(19-5116),IMEI,863203041145778,,,"B535-235 [Support: 802.11 a/b/g/n /ac] [802.11 b/g/n: 2400 MHz - 2483.5 MHz] [802.11 a/n/ac: 5150 MHz - 5350 MHz, 5470 MHz – 5650 MHz]",HUAWEI TECHNOLOGIES (MALAYSIA) SDN. BHD
SQASI/20/LBL/759822,HIDF15000115,RGCF/06A/0120/S(19-5116),IMEI,863203041145786,,,"B535-235 [Support: 802.11 a/b/g/n /ac] [802.11 b/g/n: 2400 MHz - 2483.5 MHz] [802.11 a/n/ac: 5150 MHz - 5350 MHz, 5470 MHz – 5650 MHz]",HUAWEI TECHNOLOGIES (MALAYSIA) SDN. BHD
SQASI/20/LBL/759822,HIDF15000115,RGCF/06A/0120/S(19-5116),IMEI,863203041145794,,,"B535-235 [Support: 802.11 a/b/g/n /ac] [802.11 b/g/n: 2400 MHz - 2483.5 MHz] [802.11 a/n/ac: 5150 MHz - 5350 MHz, 5470 MHz – 5650 MHz]",HUAWEI TECHNOLOGIES (MALAYSIA) SDN. BHD
SQASI/20/LBL/759822,HIDF15000115,RGCF/06A/0120/S(19-5116),IMEI,863203041145802,,,"B535-235 [Support: 802.11 a/b/g/n /ac] [802.11 b/g/n: 2400 MHz - 2483.5 MHz] [802.11 a/n/ac: 5150 MHz - 5350 MHz, 5470 MHz – 5650 MHz]",HUAWEI TECHNOLOGIES (MALAYSIA) SDN. BHD
SQASI/20/LBL/759822,HIDF15000115,RGCF/06A/0120/S(19-5116),IMEI,863203041145810,,,"B535-235 [Support: 802.11 a/b/g/n /ac] [802.11 b/g/n: 2400 MHz - 2483.5 MHz] [802.11 a/n/ac: 5150 MHz - 5350 MHz, 5470 MHz – 5650 MHz]",HUAWEI TECHNOLOGIES (MALAYSIA) SDN. BHD
SQASI/20/LBL/759822,HIDF15000115,RGCF/06A/0120/S(19-5116),IMEI,863203041145828,,,"B535-235 [Support: 802.11 a/b/g/n /ac] [802.11 b/g/n: 2400 MHz - 2483.5 MHz] [802.11 a/n/ac: 5150 MHz - 5350 MHz, 5470 MHz – 5650 MHz]",HUAWEI TECHNOLOGIES (MALAYSIA) SDN. BHD
SQASI/20/LBL/759822,HIDF15000115,RGCF/06A/0120/S(19-5116),IMEI,863203041145836,,,"B535-235 [Support: 802.11 a/b/g/n /ac] [802.11 b/g/n: 2400 MHz - 2483.5 MHz] [802.11 a/n/ac: 5150 MHz - 5350 MHz, 5470 MHz – 5650 MHz]",HUAWEI TECHNOLOGIES (MALAYSIA) SDN. BHD
SQASI/20/LBL/759822,HIDF15000115,RGCF/06A/0120/S(19-5116),IMEI,863203041145844,,,"B535-235 [Support: 802.11 a/b/g/n /ac] [802.11 b/g/n: 2400 MHz - 2483.5 MHz] [802.11 a/n/ac: 5150 MHz - 5350 MHz, 5470 MHz – 5650 MHz]",HUAWEI TECHNOLOGIES (MALAYSIA) SDN. BHD
SQASI/20/LBL/759822,HIDF15000115,RGCF/06A/0120/S(19-5116),IMEI,863203041145851,,,"B535-235 [Support: 802.11 a/b/g/n /ac] [802.11 b/g/n: 2400 MHz - 2483.5 MHz] [802.11 a/n/ac: 5150 MHz - 5350 MHz, 5470 MHz – 5650 MHz]",HUAWEI TECHNOLOGIES (MALAYSIA) SDN. BHD
SQASI/20/LBL/759822,HIDF15000115,RGCF/06A/0120/S(19-5116),IMEI,863203041145869,,,"B535-235 [Support: 802.11 a/b/g/n /ac] [802.11 b/g/n: 2400 MHz - 2483.5 MHz] [802.11 a/n/ac: 5150 MHz - 5350 MHz, 5470 MHz – 5650 MHz]",HUAWEI TECHNOLOGIES (MALAYSIA) SDN. BHD
SQASI/20/LBL/759822,HIDF15000115,RGCF/06A/0120/S(19-5116),IMEI,863203041145877,,,"B535-235 [Support: 802.11 a/b/g/n /ac] [802.11 b/g/n: 2400 MHz - 2483.5 MHz] [802.11 a/n/ac: 5150 MHz - 5350 MHz, 5470 MHz – 5650 MHz]",HUAWEI TECHNOLOGIES (MALAYSIA) SDN. BHD
SQASI/20/LBL/759822,HIDF15000115,RGCF/06A/0120/S(19-5116),IMEI,863203041145885,,,"B535-235 [Support: 802.11 a/b/g/n /ac] [802.11 b/g/n: 2400 MHz - 2483.5 MHz] [802.11 a/n/ac: 5150 MHz - 5350 MHz, 5470 MHz – 5650 MHz]",HUAWEI TECHNOLOGIES (MALAYSIA) SDN. BHD
SQASI/20/LBL/759822,HIDF15000115,RGCF/06A/0120/S(19-5116),IMEI,863203041145893,,,"B535-235 [Support: 802.11 a/b/g/n /ac] [802.11 b/g/n: 2400 MHz - 2483.5 MHz] [802.11 a/n/ac: 5150 MHz - 5350 MHz, 5470 MHz – 5650 MHz]",HUAWEI TECHNOLOGIES (MALAYSIA) SDN. BHD
SQASI/20/LBL/759822,HIDF15000115,RGCF/06A/0120/S(19-5116),IMEI,863203041145901,,,"B535-235 [Support: 802.11 a/b/g/n /ac] [802.11 b/g/n: 2400 MHz - 2483.5 MHz] [802.11 a/n/ac: 5150 MHz - 5350 MHz, 5470 MHz – 5650 MHz]",HUAWEI TECHNOLOGIES (MALAYSIA) SDN. BHD
SQASI/20/LBL/759822,HIDF15000115,RGCF/06A/0120/S(19-5116),IMEI,863203041145919,,,"B535-235 [Support: 802.11 a/b/g/n /ac] [802.11 b/g/n: 2400 MHz - 2483.5 MHz] [802.11 a/n/ac: 5150 MHz - 5350 MHz, 5470 MHz – 5650 MHz]",HUAWEI TECHNOLOGIES (MALAYSIA) SDN. BHD
SQASI/20/LBL/759822,HIDF15000115,RGCF/06A/0120/S(19-5116),IMEI,863203041145927,,,"B535-235 [Support: 802.11 a/b/g/n /ac] [802.11 b/g/n: 2400 MHz - 2483.5 MHz] [802.11 a/n/ac: 5150 MHz - 5350 MHz, 5470 MHz – 5650 MHz]",HUAWEI TECHNOLOGIES (MALAYSIA) SDN. BHD
SQASI/20/LBL/759822,HIDF15000115,RGCF/06A/0120/S(19-5116),IMEI,863203041145935,,,"B535-235 [Support: 802.11 a/b/g/n /ac] [802.11 b/g/n: 2400 MHz - 2483.5 MHz] [802.11 a/n/ac: 5150 MHz - 5350 MHz, 5470 MHz – 5650 MHz]",HUAWEI TECHNOLOGIES (MALAYSIA) SDN. BHD
SQASI/20/LBL/759822,HIDF15000115,RGCF/06A/0120/S(19-5116),IMEI,863203041145943,,,"B535-235 [Support: 802.11 a/b/g/n /ac] [802.11 b/g/n: 2400 MHz - 2483.5 MHz] [802.11 a/n/ac: 5150 MHz - 5350 MHz, 5470 MHz – 5650 MHz]",HUAWEI TECHNOLOGIES (MALAYSIA) SDN. BHD
SQASI/20/LBL/759822,HIDF15000115,RGCF/06A/0120/S(19-5116),IMEI,863203041145950,,,"B535-235 [Support: 802.11 a/b/g/n /ac] [802.11 b/g/n: 2400 MHz - 2483.5 MHz] [802.11 a/n/ac: 5150 MHz - 5350 MHz, 5470 MHz – 5650 MHz]",HUAWEI TECHNOLOGIES (MALAYSIA) SDN. BHD
SQASI/20/LBL/759822,HIDF15000115,RGCF/06A/0120/S(19-5116),IMEI,863203041145968,,,"B535-235 [Support: 802.11 a/b/g/n /ac] [802.11 b/g/n: 2400 MHz - 2483.5 MHz] [802.11 a/n/ac: 5150 MHz - 5350 MHz, 5470 MHz – 5650 MHz]",HUAWEI TECHNOLOGIES (MALAYSIA) SDN. BHD
SQASI/20/LBL/759822,HIDF15000115,RGCF/06A/0120/S(19-5116),IMEI,863203041145976,,,"B535-235 [Support: 802.11 a/b/g/n /ac] [802.11 b/g/n: 2400 MHz - 2483.5 MHz] [802.11 a/n/ac: 5150 MHz - 5350 MHz, 5470 MHz – 5650 MHz]",HUAWEI TECHNOLOGIES (MALAYSIA) SDN. BHD
SQASI/20/LBL/759822,HIDF15000115,RGCF/06A/0120/S(19-5116),IMEI,863203041145984,,,"B535-235 [Support: 802.11 a/b/g/n /ac] [802.11 b/g/n: 2400 MHz - 2483.5 MHz] [802.11 a/n/ac: 5150 MHz - 5350 MHz, 5470 MHz – 5650 MHz]",HUAWEI TECHNOLOGIES (MALAYSIA) SDN. BHD
SQASI/20/LBL/759822,HIDF15000115,RGCF/06A/0120/S(19-5116),IMEI,863203041145992,,,"B535-235 [Support: 802.11 a/b/g/n /ac] [802.11 b/g/n: 2400 MHz - 2483.5 MHz] [802.11 a/n/ac: 5150 MHz - 5350 MHz, 5470 MHz – 5650 MHz]",HUAWEI TECHNOLOGIES (MALAYSIA) SDN. BHD
SQASI/20/LBL/759822,HIDF15000115,RGCF/06A/0120/S(19-5116),IMEI,863203041146008,,,"B535-235 [Support: 802.11 a/b/g/n /ac] [802.11 b/g/n: 2400 MHz - 2483.5 MHz] [802.11 a/n/ac: 5150 MHz - 5350 MHz, 5470 MHz – 5650 MHz]",HUAWEI TECHNOLOGIES (MALAYSIA) SDN. BHD
SQASI/20/LBL/759822,HIDF15000115,RGCF/06A/0120/S(19-5116),IMEI,863203041146016,,,"B535-235 [Support: 802.11 a/b/g/n /ac] [802.11 b/g/n: 2400 MHz - 2483.5 MHz] [802.11 a/n/ac: 5150 MHz - 5350 MHz, 5470 MHz – 5650 MHz]",HUAWEI TECHNOLOGIES (MALAYSIA) SDN. BHD
SQASI/20/LBL/759822,HIDF15000115,RGCF/06A/0120/S(19-5116),IMEI,863203041146024,,,"B535-235 [Support: 802.11 a/b/g/n /ac] [802.11 b/g/n: 2400 MHz - 2483.5 MHz] [802.11 a/n/ac: 5150 MHz - 5350 MHz, 5470 MHz – 5650 MHz]",HUAWEI TECHNOLOGIES (MALAYSIA) SDN. BHD
SQASI/20/LBL/759822,HIDF15000115,RGCF/06A/0120/S(19-5116),IMEI,863203041146032,,,"B535-235 [Support: 802.11 a/b/g/n /ac] [802.11 b/g/n: 2400 MHz - 2483.5 MHz] [802.11 a/n/ac: 5150 MHz - 5350 MHz, 5470 MHz – 5650 MHz]",HUAWEI TECHNOLOGIES (MALAYSIA) SDN. BHD
SQASI/20/LBL/759822,HIDF15000115,RGCF/06A/0120/S(19-5116),IMEI,863203041146040,,,"B535-235 [Support: 802.11 a/b/g/n /ac] [802.11 b/g/n: 2400 MHz - 2483.5 MHz] [802.11 a/n/ac: 5150 MHz - 5350 MHz, 5470 MHz – 5650 MHz]",HUAWEI TECHNOLOGIES (MALAYSIA) SDN. BHD
SQASI/20/LBL/759822,HIDF15000115,RGCF/06A/0120/S(19-5116),IMEI,863203041146057,,,"B535-235 [Support: 802.11 a/b/g/n /ac] [802.11 b/g/n: 2400 MHz - 2483.5 MHz] [802.11 a/n/ac: 5150 MHz - 5350 MHz, 5470 MHz – 5650 MHz]",HUAWEI TECHNOLOGIES (MALAYSIA) SDN. BHD
SQASI/20/LBL/759822,HIDF15000115,RGCF/06A/0120/S(19-5116),IMEI,863203041146065,,,"B535-235 [Support: 802.11 a/b/g/n /ac] [802.11 b/g/n: 2400 MHz - 2483.5 MHz] [802.11 a/n/ac: 5150 MHz - 5350 MHz, 5470 MHz – 5650 MHz]",HUAWEI TECHNOLOGIES (MALAYSIA) SDN. BHD
SQASI/20/LBL/759822,HIDF15000115,RGCF/06A/0120/S(19-5116),IMEI,863203041146073,,,"B535-235 [Support: 802.11 a/b/g/n /ac] [802.11 b/g/n: 2400 MHz - 2483.5 MHz] [802.11 a/n/ac: 5150 MHz - 5350 MHz, 5470 MHz – 5650 MHz]",HUAWEI TECHNOLOGIES (MALAYSIA) SDN. BHD
SQASI/20/LBL/759822,HIDF15000115,RGCF/06A/0120/S(19-5116),IMEI,863203041146206,,,"B535-235 [Support: 802.11 a/b/g/n /ac] [802.11 b/g/n: 2400 MHz - 2483.5 MHz] [802.11 a/n/ac: 5150 MHz - 5350 MHz, 5470 MHz – 5650 MHz]",HUAWEI TECHNOLOGIES (MALAYSIA) SDN. BHD
SQASI/20/LBL/759822,HIDF15000115,RGCF/06A/0120/S(19-5116),IMEI,863203041146545,,,"B535-235 [Support: 802.11 a/b/g/n /ac] [802.11 b/g/n: 2400 MHz - 2483.5 MHz] [802.11 a/n/ac: 5150 MHz - 5350 MHz, 5470 MHz – 5650 MHz]",HUAWEI TECHNOLOGIES (MALAYSIA) SDN. BHD
SQASI/20/LBL/759822,HIDF15000115,RGCF/06A/0120/S(19-5116),IMEI,863203041146776,,,"B535-235 [Support: 802.11 a/b/g/n /ac] [802.11 b/g/n: 2400 MHz - 2483.5 MHz] [802.11 a/n/ac: 5150 MHz - 5350 MHz, 5470 MHz – 5650 MHz]",HUAWEI TECHNOLOGIES (MALAYSIA) SDN. BHD
SQASI/20/LBL/759822,HIDF15000115,RGCF/06A/0120/S(19-5116),IMEI,863203041147253,,,"B535-235 [Support: 802.11 a/b/g/n /ac] [802.11 b/g/n: 2400 MHz - 2483.5 MHz] [802.11 a/n/ac: 5150 MHz - 5350 MHz, 5470 MHz – 5650 MHz]",HUAWEI TECHNOLOGIES (MALAYSIA) SDN. BHD
SQASI/20/LBL/759822,HIDF15000115,RGCF/06A/0120/S(19-5116),IMEI,863203041151206,,,"B535-235 [Support: 802.11 a/b/g/n /ac] [802.11 b/g/n: 2400 MHz - 2483.5 MHz] [802.11 a/n/ac: 5150 MHz - 5350 MHz, 5470 MHz – 5650 MHz]",HUAWEI TECHNOLOGIES (MALAYSIA) SDN. BHD
SQASI/20/LBL/759822,HIDF15000115,RGCF/06A/0120/S(19-5116),IMEI,863203041151214,,,"B535-235 [Support: 802.11 a/b/g/n /ac] [802.11 b/g/n: 2400 MHz - 2483.5 MHz] [802.11 a/n/ac: 5150 MHz - 5350 MHz, 5470 MHz – 5650 MHz]",HUAWEI TECHNOLOGIES (MALAYSIA) SDN. BHD
SQASI/20/LBL/759822,HIDF15000115,RGCF/06A/0120/S(19-5116),IMEI,863203041151222,,,"B535-235 [Support: 802.11 a/b/g/n /ac] [802.11 b/g/n: 2400 MHz - 2483.5 MHz] [802.11 a/n/ac: 5150 MHz - 5350 MHz, 5470 MHz – 5650 MHz]",HUAWEI TECHNOLOGIES (MALAYSIA) SDN. BHD
SQASI/20/LBL/759822,HIDF15000115,RGCF/06A/0120/S(19-5116),IMEI,863203041143658,,,"B535-235 [Support: 802.11 a/b/g/n /ac] [802.11 b/g/n: 2400 MHz - 2483.5 MHz] [802.11 a/n/ac: 5150 MHz - 5350 MHz, 5470 MHz – 5650 MHz]",HUAWEI TECHNOLOGIES (MALAYSIA) SDN. BHD
SQASI/20/LBL/759822,HIDF15000115,RGCF/06A/0120/S(19-5116),IMEI,863203041143666,,,"B535-235 [Support: 802.11 a/b/g/n /ac] [802.11 b/g/n: 2400 MHz - 2483.5 MHz] [802.11 a/n/ac: 5150 MHz - 5350 MHz, 5470 MHz – 5650 MHz]",HUAWEI TECHNOLOGIES (MALAYSIA) SDN. BHD
SQASI/20/LBL/759822,HIDF15000115,RGCF/06A/0120/S(19-5116),IMEI,863203041143674,,,"B535-235 [Support: 802.11 a/b/g/n /ac] [802.11 b/g/n: 2400 MHz - 2483.5 MHz] [802.11 a/n/ac: 5150 MHz - 5350 MHz, 5470 MHz – 5650 MHz]",HUAWEI TECHNOLOGIES (MALAYSIA) SDN. BHD
SQASI/20/LBL/759822,HIDF15000115,RGCF/06A/0120/S(19-5116),IMEI,863203041143682,,,"B535-235 [Support: 802.11 a/b/g/n /ac] [802.11 b/g/n: 2400 MHz - 2483.5 MHz] [802.11 a/n/ac: 5150 MHz - 5350 MHz, 5470 MHz – 5650 MHz]",HUAWEI TECHNOLOGIES (MALAYSIA) SDN. BHD
SQASI/20/LBL/759822,HIDF15000115,RGCF/06A/0120/S(19-5116),IMEI,863203041143690,,,"B535-235 [Support: 802.11 a/b/g/n /ac] [802.11 b/g/n: 2400 MHz - 2483.5 MHz] [802.11 a/n/ac: 5150 MHz - 5350 MHz, 5470 MHz – 5650 MHz]",HUAWEI TECHNOLOGIES (MALAYSIA) SDN. BHD
SQASI/20/LBL/759822,HIDF15000115,RGCF/06A/0120/S(19-5116),IMEI,863203041143708,,,"B535-235 [Support: 802.11 a/b/g/n /ac] [802.11 b/g/n: 2400 MHz - 2483.5 MHz] [802.11 a/n/ac: 5150 MHz - 5350 MHz, 5470 MHz – 5650 MHz]",HUAWEI TECHNOLOGIES (MALAYSIA) SDN. BHD
SQASI/20/LBL/759822,HIDF15000115,RGCF/06A/0120/S(19-5116),IMEI,863203041143716,,,"B535-235 [Support: 802.11 a/b/g/n /ac] [802.11 b/g/n: 2400 MHz - 2483.5 MHz] [802.11 a/n/ac: 5150 MHz - 5350 MHz, 5470 MHz – 5650 MHz]",HUAWEI TECHNOLOGIES (MALAYSIA) SDN. BHD
SQASI/20/LBL/759822,HIDF15000115,RGCF/06A/0120/S(19-5116),IMEI,863203041143724,,,"B535-235 [Support: 802.11 a/b/g/n /ac] [802.11 b/g/n: 2400 MHz - 2483.5 MHz] [802.11 a/n/ac: 5150 MHz - 5350 MHz, 5470 MHz – 5650 MHz]",HUAWEI TECHNOLOGIES (MALAYSIA) SDN. BHD
SQASI/20/LBL/759822,HIDF15000115,RGCF/06A/0120/S(19-5116),IMEI,863203041143740,,,"B535-235 [Support: 802.11 a/b/g/n /ac] [802.11 b/g/n: 2400 MHz - 2483.5 MHz] [802.11 a/n/ac: 5150 MHz - 5350 MHz, 5470 MHz – 5650 MHz]",HUAWEI TECHNOLOGIES (MALAYSIA) SDN. BHD
SQASI/20/LBL/759822,HIDF15000115,RGCF/06A/0120/S(19-5116),IMEI,863203041143757,,,"B535-235 [Support: 802.11 a/b/g/n /ac] [802.11 b/g/n: 2400 MHz - 2483.5 MHz] [802.11 a/n/ac: 5150 MHz - 5350 MHz, 5470 MHz – 5650 MHz]",HUAWEI TECHNOLOGIES (MALAYSIA) SDN. BHD
SQASI/20/LBL/759822,HIDF15000115,RGCF/06A/0120/S(19-5116),IMEI,863203041143773,,,"B535-235 [Support: 802.11 a/b/g/n /ac] [802.11 b/g/n: 2400 MHz - 2483.5 MHz] [802.11 a/n/ac: 5150 MHz - 5350 MHz, 5470 MHz – 5650 MHz]",HUAWEI TECHNOLOGIES (MALAYSIA) SDN. BHD
SQASI/20/LBL/759822,HIDF15000115,RGCF/06A/0120/S(19-5116),IMEI,863203041143781,,,"B535-235 [Support: 802.11 a/b/g/n /ac] [802.11 b/g/n: 2400 MHz - 2483.5 MHz] [802.11 a/n/ac: 5150 MHz - 5350 MHz, 5470 MHz – 5650 MHz]",HUAWEI TECHNOLOGIES (MALAYSIA) SDN. BHD
SQASI/20/LBL/759822,HIDF15000115,RGCF/06A/0120/S(19-5116),IMEI,863203041143799,,,"B535-235 [Support: 802.11 a/b/g/n /ac] [802.11 b/g/n: 2400 MHz - 2483.5 MHz] [802.11 a/n/ac: 5150 MHz - 5350 MHz, 5470 MHz – 5650 MHz]",HUAWEI TECHNOLOGIES (MALAYSIA) SDN. BHD
SQASI/20/LBL/759822,HIDF15000115,RGCF/06A/0120/S(19-5116),IMEI,863203041143807,,,"B535-235 [Support: 802.11 a/b/g/n /ac] [802.11 b/g/n: 2400 MHz - 2483.5 MHz] [802.11 a/n/ac: 5150 MHz - 5350 MHz, 5470 MHz – 5650 MHz]",HUAWEI TECHNOLOGIES (MALAYSIA) SDN. BHD
SQASI/20/LBL/759822,HIDF15000115,RGCF/06A/0120/S(19-5116),IMEI,863203041143815,,,"B535-235 [Support: 802.11 a/b/g/n /ac] [802.11 b/g/n: 2400 MHz - 2483.5 MHz] [802.11 a/n/ac: 5150 MHz - 5350 MHz, 5470 MHz – 5650 MHz]",HUAWEI TECHNOLOGIES (MALAYSIA) SDN. BHD
SQASI/20/LBL/759822,HIDF15000115,RGCF/06A/0120/S(19-5116),IMEI,863203041143823,,,"B535-235 [Support: 802.11 a/b/g/n /ac] [802.11 b/g/n: 2400 MHz - 2483.5 MHz] [802.11 a/n/ac: 5150 MHz - 5350 MHz, 5470 MHz – 5650 MHz]",HUAWEI TECHNOLOGIES (MALAYSIA) SDN. BHD
SQASI/20/LBL/759822,HIDF15000115,RGCF/06A/0120/S(19-5116),IMEI,863203041143831,,,"B535-235 [Support: 802.11 a/b/g/n /ac] [802.11 b/g/n: 2400 MHz - 2483.5 MHz] [802.11 a/n/ac: 5150 MHz - 5350 MHz, 5470 MHz – 5650 MHz]",HUAWEI TECHNOLOGIES (MALAYSIA) SDN. BHD
SQASI/20/LBL/759822,HIDF15000115,RGCF/06A/0120/S(19-5116),IMEI,863203041143849,,,"B535-235 [Support: 802.11 a/b/g/n /ac] [802.11 b/g/n: 2400 MHz - 2483.5 MHz] [802.11 a/n/ac: 5150 MHz - 5350 MHz, 5470 MHz – 5650 MHz]",HUAWEI TECHNOLOGIES (MALAYSIA) SDN. BHD
SQASI/20/LBL/759822,HIDF15000115,RGCF/06A/0120/S(19-5116),IMEI,863203041143856,,,"B535-235 [Support: 802.11 a/b/g/n /ac] [802.11 b/g/n: 2400 MHz - 2483.5 MHz] [802.11 a/n/ac: 5150 MHz - 5350 MHz, 5470 MHz – 5650 MHz]",HUAWEI TECHNOLOGIES (MALAYSIA) SDN. BHD
SQASI/20/LBL/759822,HIDF15000115,RGCF/06A/0120/S(19-5116),IMEI,863203041143864,,,"B535-235 [Support: 802.11 a/b/g/n /ac] [802.11 b/g/n: 2400 MHz - 2483.5 MHz] [802.11 a/n/ac: 5150 MHz - 5350 MHz, 5470 MHz – 5650 MHz]",HUAWEI TECHNOLOGIES (MALAYSIA) SDN. BHD
SQASI/20/LBL/759822,HIDF15000115,RGCF/06A/0120/S(19-5116),IMEI,863203041143872,,,"B535-235 [Support: 802.11 a/b/g/n /ac] [802.11 b/g/n: 2400 MHz - 2483.5 MHz] [802.11 a/n/ac: 5150 MHz - 5350 MHz, 5470 MHz – 5650 MHz]",HUAWEI TECHNOLOGIES (MALAYSIA) SDN. BHD
SQASI/20/LBL/759822,HIDF15000115,RGCF/06A/0120/S(19-5116),IMEI,863203041143880,,,"B535-235 [Support: 802.11 a/b/g/n /ac] [802.11 b/g/n: 2400 MHz - 2483.5 MHz] [802.11 a/n/ac: 5150 MHz - 5350 MHz, 5470 MHz – 5650 MHz]",HUAWEI TECHNOLOGIES (MALAYSIA) SDN. BHD
SQASI/20/LBL/759822,HIDF15000115,RGCF/06A/0120/S(19-5116),IMEI,863203041143898,,,"B535-235 [Support: 802.11 a/b/g/n /ac] [802.11 b/g/n: 2400 MHz - 2483.5 MHz] [802.11 a/n/ac: 5150 MHz - 5350 MHz, 5470 MHz – 5650 MHz]",HUAWEI TECHNOLOGIES (MALAYSIA) SDN. BHD
SQASI/20/LBL/759822,HIDF15000115,RGCF/06A/0120/S(19-5116),IMEI,863203041143906,,,"B535-235 [Support: 802.11 a/b/g/n /ac] [802.11 b/g/n: 2400 MHz - 2483.5 MHz] [802.11 a/n/ac: 5150 MHz - 5350 MHz, 5470 MHz – 5650 MHz]",HUAWEI TECHNOLOGIES (MALAYSIA) SDN. BHD
SQASI/20/LBL/759822,HIDF15000115,RGCF/06A/0120/S(19-5116),IMEI,863203041143914,,,"B535-235 [Support: 802.11 a/b/g/n /ac] [802.11 b/g/n: 2400 MHz - 2483.5 MHz] [802.11 a/n/ac: 5150 MHz - 5350 MHz, 5470 MHz – 5650 MHz]",HUAWEI TECHNOLOGIES (MALAYSIA) SDN. BHD
SQASI/20/LBL/759822,HIDF15000115,RGCF/06A/0120/S(19-5116),IMEI,863203041143922,,,"B535-235 [Support: 802.11 a/b/g/n /ac] [802.11 b/g/n: 2400 MHz - 2483.5 MHz] [802.11 a/n/ac: 5150 MHz - 5350 MHz, 5470 MHz – 5650 MHz]",HUAWEI TECHNOLOGIES (MALAYSIA) SDN. BHD
SQASI/20/LBL/759822,HIDF15000115,RGCF/06A/0120/S(19-5116),IMEI,863203041143930,,,"B535-235 [Support: 802.11 a/b/g/n /ac] [802.11 b/g/n: 2400 MHz - 2483.5 MHz] [802.11 a/n/ac: 5150 MHz - 5350 MHz, 5470 MHz – 5650 MHz]",HUAWEI TECHNOLOGIES (MALAYSIA) SDN. BHD
SQASI/20/LBL/759822,HIDF15000115,RGCF/06A/0120/S(19-5116),IMEI,863203041143948,,,"B535-235 [Support: 802.11 a/b/g/n /ac] [802.11 b/g/n: 2400 MHz - 2483.5 MHz] [802.11 a/n/ac: 5150 MHz - 5350 MHz, 5470 MHz – 5650 MHz]",HUAWEI TECHNOLOGIES (MALAYSIA) SDN. BHD
SQASI/20/LBL/759822,HIDF15000115,RGCF/06A/0120/S(19-5116),IMEI,863203041143955,,,"B535-235 [Support: 802.11 a/b/g/n /ac] [802.11 b/g/n: 2400 MHz - 2483.5 MHz] [802.11 a/n/ac: 5150 MHz - 5350 MHz, 5470 MHz – 5650 MHz]",HUAWEI TECHNOLOGIES (MALAYSIA) SDN. BHD
SQASI/20/LBL/759822,HIDF15000115,RGCF/06A/0120/S(19-5116),IMEI,863203041143963,,,"B535-235 [Support: 802.11 a/b/g/n /ac] [802.11 b/g/n: 2400 MHz - 2483.5 MHz] [802.11 a/n/ac: 5150 MHz - 5350 MHz, 5470 MHz – 5650 MHz]",HUAWEI TECHNOLOGIES (MALAYSIA) SDN. BHD
SQASI/20/LBL/759822,HIDF15000115,RGCF/06A/0120/S(19-5116),IMEI,863203041143971,,,"B535-235 [Support: 802.11 a/b/g/n /ac] [802.11 b/g/n: 2400 MHz - 2483.5 MHz] [802.11 a/n/ac: 5150 MHz - 5350 MHz, 5470 MHz – 5650 MHz]",HUAWEI TECHNOLOGIES (MALAYSIA) SDN. BHD
SQASI/20/LBL/759822,HIDF15000115,RGCF/06A/0120/S(19-5116),IMEI,863203041143989,,,"B535-235 [Support: 802.11 a/b/g/n /ac] [802.11 b/g/n: 2400 MHz - 2483.5 MHz] [802.11 a/n/ac: 5150 MHz - 5350 MHz, 5470 MHz – 5650 MHz]",HUAWEI TECHNOLOGIES (MALAYSIA) SDN. BHD
SQASI/20/LBL/759822,HIDF15000115,RGCF/06A/0120/S(19-5116),IMEI,863203041143997,,,"B535-235 [Support: 802.11 a/b/g/n /ac] [802.11 b/g/n: 2400 MHz - 2483.5 MHz] [802.11 a/n/ac: 5150 MHz - 5350 MHz, 5470 MHz – 5650 MHz]",HUAWEI TECHNOLOGIES (MALAYSIA) SDN. BHD
SQASI/20/LBL/759822,HIDF15000115,RGCF/06A/0120/S(19-5116),IMEI,863203041144003,,,"B535-235 [Support: 802.11 a/b/g/n /ac] [802.11 b/g/n: 2400 MHz - 2483.5 MHz] [802.11 a/n/ac: 5150 MHz - 5350 MHz, 5470 MHz – 5650 MHz]",HUAWEI TECHNOLOGIES (MALAYSIA) SDN. BHD
SQASI/20/LBL/759822,HIDF15000115,RGCF/06A/0120/S(19-5116),IMEI,863203041144011,,,"B535-235 [Support: 802.11 a/b/g/n /ac] [802.11 b/g/n: 2400 MHz - 2483.5 MHz] [802.11 a/n/ac: 5150 MHz - 5350 MHz, 5470 MHz – 5650 MHz]",HUAWEI TECHNOLOGIES (MALAYSIA) SDN. BHD
SQASI/20/LBL/759822,HIDF15000115,RGCF/06A/0120/S(19-5116),IMEI,863203041144037,,,"B535-235 [Support: 802.11 a/b/g/n /ac] [802.11 b/g/n: 2400 MHz - 2483.5 MHz] [802.11 a/n/ac: 5150 MHz - 5350 MHz, 5470 MHz – 5650 MHz]",HUAWEI TECHNOLOGIES (MALAYSIA) SDN. BHD
SQASI/20/LBL/759822,HIDF15000115,RGCF/06A/0120/S(19-5116),IMEI,863203041144060,,,"B535-235 [Support: 802.11 a/b/g/n /ac] [802.11 b/g/n: 2400 MHz - 2483.5 MHz] [802.11 a/n/ac: 5150 MHz - 5350 MHz, 5470 MHz – 5650 MHz]",HUAWEI TECHNOLOGIES (MALAYSIA) SDN. BHD
SQASI/20/LBL/759822,HIDF15000115,RGCF/06A/0120/S(19-5116),IMEI,863203041144078,,,"B535-235 [Support: 802.11 a/b/g/n /ac] [802.11 b/g/n: 2400 MHz - 2483.5 MHz] [802.11 a/n/ac: 5150 MHz - 5350 MHz, 5470 MHz – 5650 MHz]",HUAWEI TECHNOLOGIES (MALAYSIA) SDN. BHD
SQASI/20/LBL/759822,HIDF15000115,RGCF/06A/0120/S(19-5116),IMEI,863203041144086,,,"B535-235 [Support: 802.11 a/b/g/n /ac] [802.11 b/g/n: 2400 MHz - 2483.5 MHz] [802.11 a/n/ac: 5150 MHz - 5350 MHz, 5470 MHz – 5650 MHz]",HUAWEI TECHNOLOGIES (MALAYSIA) SDN. BHD
SQASI/20/LBL/759822,HIDF15000115,RGCF/06A/0120/S(19-5116),IMEI,863203041144094,,,"B535-235 [Support: 802.11 a/b/g/n /ac] [802.11 b/g/n: 2400 MHz - 2483.5 MHz] [802.11 a/n/ac: 5150 MHz - 5350 MHz, 5470 MHz – 5650 MHz]",HUAWEI TECHNOLOGIES (MALAYSIA) SDN. BHD
SQASI/20/LBL/759822,HIDF15000115,RGCF/06A/0120/S(19-5116),IMEI,863203041144102,,,"B535-235 [Support: 802.11 a/b/g/n /ac] [802.11 b/g/n: 2400 MHz - 2483.5 MHz] [802.11 a/n/ac: 5150 MHz - 5350 MHz, 5470 MHz – 5650 MHz]",HUAWEI TECHNOLOGIES (MALAYSIA) SDN. BHD
SQASI/20/LBL/759822,HIDF15000115,RGCF/06A/0120/S(19-5116),IMEI,863203041144110,,,"B535-235 [Support: 802.11 a/b/g/n /ac] [802.11 b/g/n: 2400 MHz - 2483.5 MHz] [802.11 a/n/ac: 5150 MHz - 5350 MHz, 5470 MHz – 5650 MHz]",HUAWEI TECHNOLOGIES (MALAYSIA) SDN. BHD
SQASI/20/LBL/759822,HIDF15000115,RGCF/06A/0120/S(19-5116),IMEI,863203041144128,,,"B535-235 [Support: 802.11 a/b/g/n /ac] [802.11 b/g/n: 2400 MHz - 2483.5 MHz] [802.11 a/n/ac: 5150 MHz - 5350 MHz, 5470 MHz – 5650 MHz]",HUAWEI TECHNOLOGIES (MALAYSIA) SDN. BHD
SQASI/20/LBL/759822,HIDF15000115,RGCF/06A/0120/S(19-5116),IMEI,863203041144144,,,"B535-235 [Support: 802.11 a/b/g/n /ac] [802.11 b/g/n: 2400 MHz - 2483.5 MHz] [802.11 a/n/ac: 5150 MHz - 5350 MHz, 5470 MHz – 5650 MHz]",HUAWEI TECHNOLOGIES (MALAYSIA) SDN. BHD
SQASI/20/LBL/759822,HIDF15000115,RGCF/06A/0120/S(19-5116),IMEI,863203041144151,,,"B535-235 [Support: 802.11 a/b/g/n /ac] [802.11 b/g/n: 2400 MHz - 2483.5 MHz] [802.11 a/n/ac: 5150 MHz - 5350 MHz, 5470 MHz – 5650 MHz]",HUAWEI TECHNOLOGIES (MALAYSIA) SDN. BHD
SQASI/20/LBL/759822,HIDF15000115,RGCF/06A/0120/S(19-5116),IMEI,863203041144169,,,"B535-235 [Support: 802.11 a/b/g/n /ac] [802.11 b/g/n: 2400 MHz - 2483.5 MHz] [802.11 a/n/ac: 5150 MHz - 5350 MHz, 5470 MHz – 5650 MHz]",HUAWEI TECHNOLOGIES (MALAYSIA) SDN. BHD
SQASI/20/LBL/759822,HIDF15000115,RGCF/06A/0120/S(19-5116),IMEI,863203041144185,,,"B535-235 [Support: 802.11 a/b/g/n /ac] [802.11 b/g/n: 2400 MHz - 2483.5 MHz] [802.11 a/n/ac: 5150 MHz - 5350 MHz, 5470 MHz – 5650 MHz]",HUAWEI TECHNOLOGIES (MALAYSIA) SDN. BHD
SQASI/20/LBL/759822,HIDF15000115,RGCF/06A/0120/S(19-5116),IMEI,863203041144193,,,"B535-235 [Support: 802.11 a/b/g/n /ac] [802.11 b/g/n: 2400 MHz - 2483.5 MHz] [802.11 a/n/ac: 5150 MHz - 5350 MHz, 5470 MHz – 5650 MHz]",HUAWEI TECHNOLOGIES (MALAYSIA) SDN. BHD
SQASI/20/LBL/759822,HIDF15000115,RGCF/06A/0120/S(19-5116),IMEI,863203041144201,,,"B535-235 [Support: 802.11 a/b/g/n /ac] [802.11 b/g/n: 2400 MHz - 2483.5 MHz] [802.11 a/n/ac: 5150 MHz - 5350 MHz, 5470 MHz – 5650 MHz]",HUAWEI TECHNOLOGIES (MALAYSIA) SDN. BHD
SQASI/20/LBL/759822,HIDF15000115,RGCF/06A/0120/S(19-5116),IMEI,863203041144219,,,"B535-235 [Support: 802.11 a/b/g/n /ac] [802.11 b/g/n: 2400 MHz - 2483.5 MHz] [802.11 a/n/ac: 5150 MHz - 5350 MHz, 5470 MHz – 5650 MHz]",HUAWEI TECHNOLOGIES (MALAYSIA) SDN. BHD
SQASI/20/LBL/759822,HIDF15000115,RGCF/06A/0120/S(19-5116),IMEI,863203041144227,,,"B535-235 [Support: 802.11 a/b/g/n /ac] [802.11 b/g/n: 2400 MHz - 2483.5 MHz] [802.11 a/n/ac: 5150 MHz - 5350 MHz, 5470 MHz – 5650 MHz]",HUAWEI TECHNOLOGIES (MALAYSIA) SDN. BHD
SQASI/20/LBL/759822,HIDF15000115,RGCF/06A/0120/S(19-5116),IMEI,863203041144235,,,"B535-235 [Support: 802.11 a/b/g/n /ac] [802.11 b/g/n: 2400 MHz - 2483.5 MHz] [802.11 a/n/ac: 5150 MHz - 5350 MHz, 5470 MHz – 5650 MHz]",HUAWEI TECHNOLOGIES (MALAYSIA) SDN. BHD
SQASI/20/LBL/759822,HIDF15000115,RGCF/06A/0120/S(19-5116),IMEI,863203041144243,,,"B535-235 [Support: 802.11 a/b/g/n /ac] [802.11 b/g/n: 2400 MHz - 2483.5 MHz] [802.11 a/n/ac: 5150 MHz - 5350 MHz, 5470 MHz – 5650 MHz]",HUAWEI TECHNOLOGIES (MALAYSIA) SDN. BHD
SQASI/20/LBL/759822,HIDF15000115,RGCF/06A/0120/S(19-5116),IMEI,863203041144250,,,"B535-235 [Support: 802.11 a/b/g/n /ac] [802.11 b/g/n: 2400 MHz - 2483.5 MHz] [802.11 a/n/ac: 5150 MHz - 5350 MHz, 5470 MHz – 5650 MHz]",HUAWEI TECHNOLOGIES (MALAYSIA) SDN. BHD
SQASI/20/LBL/759822,HIDF15000115,RGCF/06A/0120/S(19-5116),IMEI,863203041144268,,,"B535-235 [Support: 802.11 a/b/g/n /ac] [802.11 b/g/n: 2400 MHz - 2483.5 MHz] [802.11 a/n/ac: 5150 MHz - 5350 MHz, 5470 MHz – 5650 MHz]",HUAWEI TECHNOLOGIES (MALAYSIA) SDN. BHD
SQASI/20/LBL/759822,HIDF15000115,RGCF/06A/0120/S(19-5116),IMEI,863203041144276,,,"B535-235 [Support: 802.11 a/b/g/n /ac] [802.11 b/g/n: 2400 MHz - 2483.5 MHz] [802.11 a/n/ac: 5150 MHz - 5350 MHz, 5470 MHz – 5650 MHz]",HUAWEI TECHNOLOGIES (MALAYSIA) SDN. BHD
SQASI/20/LBL/759822,HIDF15000115,RGCF/06A/0120/S(19-5116),IMEI,863203041144284,,,"B535-235 [Support: 802.11 a/b/g/n /ac] [802.11 b/g/n: 2400 MHz - 2483.5 MHz] [802.11 a/n/ac: 5150 MHz - 5350 MHz, 5470 MHz – 5650 MHz]",HUAWEI TECHNOLOGIES (MALAYSIA) SDN. BHD
SQASI/20/LBL/759822,HIDF15000115,RGCF/06A/0120/S(19-5116),IMEI,863203041144292,,,"B535-235 [Support: 802.11 a/b/g/n /ac] [802.11 b/g/n: 2400 MHz - 2483.5 MHz] [802.11 a/n/ac: 5150 MHz - 5350 MHz, 5470 MHz – 5650 MHz]",HUAWEI TECHNOLOGIES (MALAYSIA) SDN. BHD
SQASI/20/LBL/759822,HIDF15000115,RGCF/06A/0120/S(19-5116),IMEI,863203041144300,,,"B535-235 [Support: 802.11 a/b/g/n /ac] [802.11 b/g/n: 2400 MHz - 2483.5 MHz] [802.11 a/n/ac: 5150 MHz - 5350 MHz, 5470 MHz – 5650 MHz]",HUAWEI TECHNOLOGIES (MALAYSIA) SDN. BHD
SQASI/20/LBL/759822,HIDF15000115,RGCF/06A/0120/S(19-5116),IMEI,863203041144318,,,"B535-235 [Support: 802.11 a/b/g/n /ac] [802.11 b/g/n: 2400 MHz - 2483.5 MHz] [802.11 a/n/ac: 5150 MHz - 5350 MHz, 5470 MHz – 5650 MHz]",HUAWEI TECHNOLOGIES (MALAYSIA) SDN. BHD
SQASI/20/LBL/759822,HIDF15000115,RGCF/06A/0120/S(19-5116),IMEI,863203041144326,,,"B535-235 [Support: 802.11 a/b/g/n /ac] [802.11 b/g/n: 2400 MHz - 2483.5 MHz] [802.11 a/n/ac: 5150 MHz - 5350 MHz, 5470 MHz – 5650 MHz]",HUAWEI TECHNOLOGIES (MALAYSIA) SDN. BHD
SQASI/20/LBL/759822,HIDF15000115,RGCF/06A/0120/S(19-5116),IMEI,863203041144334,,,"B535-235 [Support: 802.11 a/b/g/n /ac] [802.11 b/g/n: 2400 MHz - 2483.5 MHz] [802.11 a/n/ac: 5150 MHz - 5350 MHz, 5470 MHz – 5650 MHz]",HUAWEI TECHNOLOGIES (MALAYSIA) SDN. BHD
SQASI/20/LBL/759822,HIDF15000115,RGCF/06A/0120/S(19-5116),IMEI,863203041144342,,,"B535-235 [Support: 802.11 a/b/g/n /ac] [802.11 b/g/n: 2400 MHz - 2483.5 MHz] [802.11 a/n/ac: 5150 MHz - 5350 MHz, 5470 MHz – 5650 MHz]",HUAWEI TECHNOLOGIES (MALAYSIA) SDN. BHD
SQASI/20/LBL/759822,HIDF15000115,RGCF/06A/0120/S(19-5116),IMEI,863203041144367,,,"B535-235 [Support: 802.11 a/b/g/n /ac] [802.11 b/g/n: 2400 MHz - 2483.5 MHz] [802.11 a/n/ac: 5150 MHz - 5350 MHz, 5470 MHz – 5650 MHz]",HUAWEI TECHNOLOGIES (MALAYSIA) SDN. BHD
SQASI/20/LBL/759822,HIDF15000115,RGCF/06A/0120/S(19-5116),IMEI,863203041144375,,,"B535-235 [Support: 802.11 a/b/g/n /ac] [802.11 b/g/n: 2400 MHz - 2483.5 MHz] [802.11 a/n/ac: 5150 MHz - 5350 MHz, 5470 MHz – 5650 MHz]",HUAWEI TECHNOLOGIES (MALAYSIA) SDN. BHD
SQASI/20/LBL/759822,HIDF15000115,RGCF/06A/0120/S(19-5116),IMEI,863203041144383,,,"B535-235 [Support: 802.11 a/b/g/n /ac] [802.11 b/g/n: 2400 MHz - 2483.5 MHz] [802.11 a/n/ac: 5150 MHz - 5350 MHz, 5470 MHz – 5650 MHz]",HUAWEI TECHNOLOGIES (MALAYSIA) SDN. BHD
SQASI/20/LBL/759822,HIDF15000115,RGCF/06A/0120/S(19-5116),IMEI,863203041144391,,,"B535-235 [Support: 802.11 a/b/g/n /ac] [802.11 b/g/n: 2400 MHz - 2483.5 MHz] [802.11 a/n/ac: 5150 MHz - 5350 MHz, 5470 MHz – 5650 MHz]",HUAWEI TECHNOLOGIES (MALAYSIA) SDN. BHD
SQASI/20/LBL/759822,HIDF15000115,RGCF/06A/0120/S(19-5116),IMEI,863203041144409,,,"B535-235 [Support: 802.11 a/b/g/n /ac] [802.11 b/g/n: 2400 MHz - 2483.5 MHz] [802.11 a/n/ac: 5150 MHz - 5350 MHz, 5470 MHz – 5650 MHz]",HUAWEI TECHNOLOGIES (MALAYSIA) SDN. BHD
SQASI/20/LBL/759822,HIDF15000115,RGCF/06A/0120/S(19-5116),IMEI,863203041144417,,,"B535-235 [Support: 802.11 a/b/g/n /ac] [802.11 b/g/n: 2400 MHz - 2483.5 MHz] [802.11 a/n/ac: 5150 MHz - 5350 MHz, 5470 MHz – 5650 MHz]",HUAWEI TECHNOLOGIES (MALAYSIA) SDN. BHD
SQASI/20/LBL/759822,HIDF15000115,RGCF/06A/0120/S(19-5116),IMEI,863203041144425,,,"B535-235 [Support: 802.11 a/b/g/n /ac] [802.11 b/g/n: 2400 MHz - 2483.5 MHz] [802.11 a/n/ac: 5150 MHz - 5350 MHz, 5470 MHz – 5650 MHz]",HUAWEI TECHNOLOGIES (MALAYSIA) SDN. BHD
SQASI/20/LBL/759822,HIDF15000115,RGCF/06A/0120/S(19-5116),IMEI,863203041144433,,,"B535-235 [Support: 802.11 a/b/g/n /ac] [802.11 b/g/n: 2400 MHz - 2483.5 MHz] [802.11 a/n/ac: 5150 MHz - 5350 MHz, 5470 MHz – 5650 MHz]",HUAWEI TECHNOLOGIES (MALAYSIA) SDN. BHD
SQASI/20/LBL/759822,HIDF15000115,RGCF/06A/0120/S(19-5116),IMEI,863203041144441,,,"B535-235 [Support: 802.11 a/b/g/n /ac] [802.11 b/g/n: 2400 MHz - 2483.5 MHz] [802.11 a/n/ac: 5150 MHz - 5350 MHz, 5470 MHz – 5650 MHz]",HUAWEI TECHNOLOGIES (MALAYSIA) SDN. BHD
SQASI/20/LBL/759822,HIDF15000115,RGCF/06A/0120/S(19-5116),IMEI,863203041144458,,,"B535-235 [Support: 802.11 a/b/g/n /ac] [802.11 b/g/n: 2400 MHz - 2483.5 MHz] [802.11 a/n/ac: 5150 MHz - 5350 MHz, 5470 MHz – 5650 MHz]",HUAWEI TECHNOLOGIES (MALAYSIA) SDN. BHD
SQASI/20/LBL/759822,HIDF15000115,RGCF/06A/0120/S(19-5116),IMEI,863203041144466,,,"B535-235 [Support: 802.11 a/b/g/n /ac] [802.11 b/g/n: 2400 MHz - 2483.5 MHz] [802.11 a/n/ac: 5150 MHz - 5350 MHz, 5470 MHz – 5650 MHz]",HUAWEI TECHNOLOGIES (MALAYSIA) SDN. BHD
SQASI/20/LBL/759822,HIDF15000115,RGCF/06A/0120/S(19-5116),IMEI,863203041144474,,,"B535-235 [Support: 802.11 a/b/g/n /ac] [802.11 b/g/n: 2400 MHz - 2483.5 MHz] [802.11 a/n/ac: 5150 MHz - 5350 MHz, 5470 MHz – 5650 MHz]",HUAWEI TECHNOLOGIES (MALAYSIA) SDN. BHD
SQASI/20/LBL/759822,HIDF15000115,RGCF/06A/0120/S(19-5116),IMEI,863203041144482,,,"B535-235 [Support: 802.11 a/b/g/n /ac] [802.11 b/g/n: 2400 MHz - 2483.5 MHz] [802.11 a/n/ac: 5150 MHz - 5350 MHz, 5470 MHz – 5650 MHz]",HUAWEI TECHNOLOGIES (MALAYSIA) SDN. BHD
SQASI/20/LBL/759822,HIDF15000115,RGCF/06A/0120/S(19-5116),IMEI,863203041144490,,,"B535-235 [Support: 802.11 a/b/g/n /ac] [802.11 b/g/n: 2400 MHz - 2483.5 MHz] [802.11 a/n/ac: 5150 MHz - 5350 MHz, 5470 MHz – 5650 MHz]",HUAWEI TECHNOLOGIES (MALAYSIA) SDN. BHD
SQASI/20/LBL/759822,HIDF15000115,RGCF/06A/0120/S(19-5116),IMEI,863203041144508,,,"B535-235 [Support: 802.11 a/b/g/n /ac] [802.11 b/g/n: 2400 MHz - 2483.5 MHz] [802.11 a/n/ac: 5150 MHz - 5350 MHz, 5470 MHz – 5650 MHz]",HUAWEI TECHNOLOGIES (MALAYSIA) SDN. BHD
SQASI/20/LBL/759822,HIDF15000115,RGCF/06A/0120/S(19-5116),IMEI,863203041144516,,,"B535-235 [Support: 802.11 a/b/g/n /ac] [802.11 b/g/n: 2400 MHz - 2483.5 MHz] [802.11 a/n/ac: 5150 MHz - 5350 MHz, 5470 MHz – 5650 MHz]",HUAWEI TECHNOLOGIES (MALAYSIA) SDN. BHD
SQASI/20/LBL/759822,HIDF15000115,RGCF/06A/0120/S(19-5116),IMEI,863203041144524,,,"B535-235 [Support: 802.11 a/b/g/n /ac] [802.11 b/g/n: 2400 MHz - 2483.5 MHz] [802.11 a/n/ac: 5150 MHz - 5350 MHz, 5470 MHz – 5650 MHz]",HUAWEI TECHNOLOGIES (MALAYSIA) SDN. BHD
SQASI/20/LBL/759822,HIDF15000115,RGCF/06A/0120/S(19-5116),IMEI,863203041144532,,,"B535-235 [Support: 802.11 a/b/g/n /ac] [802.11 b/g/n: 2400 MHz - 2483.5 MHz] [802.11 a/n/ac: 5150 MHz - 5350 MHz, 5470 MHz – 5650 MHz]",HUAWEI TECHNOLOGIES (MALAYSIA) SDN. BHD
SQASI/20/LBL/759822,HIDF15000115,RGCF/06A/0120/S(19-5116),IMEI,863203041144540,,,"B535-235 [Support: 802.11 a/b/g/n /ac] [802.11 b/g/n: 2400 MHz - 2483.5 MHz] [802.11 a/n/ac: 5150 MHz - 5350 MHz, 5470 MHz – 5650 MHz]",HUAWEI TECHNOLOGIES (MALAYSIA) SDN. BHD
SQASI/20/LBL/759822,HIDF15000115,RGCF/06A/0120/S(19-5116),IMEI,863203041144557,,,"B535-235 [Support: 802.11 a/b/g/n /ac] [802.11 b/g/n: 2400 MHz - 2483.5 MHz] [802.11 a/n/ac: 5150 MHz - 5350 MHz, 5470 MHz – 5650 MHz]",HUAWEI TECHNOLOGIES (MALAYSIA) SDN. BHD
SQASI/20/LBL/759822,HIDF15000115,RGCF/06A/0120/S(19-5116),IMEI,863203041144565,,,"B535-235 [Support: 802.11 a/b/g/n /ac] [802.11 b/g/n: 2400 MHz - 2483.5 MHz] [802.11 a/n/ac: 5150 MHz - 5350 MHz, 5470 MHz – 5650 MHz]",HUAWEI TECHNOLOGIES (MALAYSIA) SDN. BHD
SQASI/20/LBL/759822,HIDF15000115,RGCF/06A/0120/S(19-5116),IMEI,863203041144573,,,"B535-235 [Support: 802.11 a/b/g/n /ac] [802.11 b/g/n: 2400 MHz - 2483.5 MHz] [802.11 a/n/ac: 5150 MHz - 5350 MHz, 5470 MHz – 5650 MHz]",HUAWEI TECHNOLOGIES (MALAYSIA) SDN. BHD
SQASI/20/LBL/759822,HIDF15000115,RGCF/06A/0120/S(19-5116),IMEI,863203041144581,,,"B535-235 [Support: 802.11 a/b/g/n /ac] [802.11 b/g/n: 2400 MHz - 2483.5 MHz] [802.11 a/n/ac: 5150 MHz - 5350 MHz, 5470 MHz – 5650 MHz]",HUAWEI TECHNOLOGIES (MALAYSIA) SDN. BHD
SQASI/20/LBL/759822,HIDF15000115,RGCF/06A/0120/S(19-5116),IMEI,863203041144599,,,"B535-235 [Support: 802.11 a/b/g/n /ac] [802.11 b/g/n: 2400 MHz - 2483.5 MHz] [802.11 a/n/ac: 5150 MHz - 5350 MHz, 5470 MHz – 5650 MHz]",HUAWEI TECHNOLOGIES (MALAYSIA) SDN. BHD
SQASI/20/LBL/759822,HIDF15000115,RGCF/06A/0120/S(19-5116),IMEI,863203041144607,,,"B535-235 [Support: 802.11 a/b/g/n /ac] [802.11 b/g/n: 2400 MHz - 2483.5 MHz] [802.11 a/n/ac: 5150 MHz - 5350 MHz, 5470 MHz – 5650 MHz]",HUAWEI TECHNOLOGIES (MALAYSIA) SDN. BHD
SQASI/20/LBL/759822,HIDF15000115,RGCF/06A/0120/S(19-5116),IMEI,863203041144615,,,"B535-235 [Support: 802.11 a/b/g/n /ac] [802.11 b/g/n: 2400 MHz - 2483.5 MHz] [802.11 a/n/ac: 5150 MHz - 5350 MHz, 5470 MHz – 5650 MHz]",HUAWEI TECHNOLOGIES (MALAYSIA) SDN. BHD
SQASI/20/LBL/759822,HIDF15000115,RGCF/06A/0120/S(19-5116),IMEI,863203041144623,,,"B535-235 [Support: 802.11 a/b/g/n /ac] [802.11 b/g/n: 2400 MHz - 2483.5 MHz] [802.11 a/n/ac: 5150 MHz - 5350 MHz, 5470 MHz – 5650 MHz]",HUAWEI TECHNOLOGIES (MALAYSIA) SDN. BHD
SQASI/20/LBL/759822,HIDF15000115,RGCF/06A/0120/S(19-5116),IMEI,863203041144631,,,"B535-235 [Support: 802.11 a/b/g/n /ac] [802.11 b/g/n: 2400 MHz - 2483.5 MHz] [802.11 a/n/ac: 5150 MHz - 5350 MHz, 5470 MHz – 5650 MHz]",HUAWEI TECHNOLOGIES (MALAYSIA) SDN. BHD
SQASI/20/LBL/759822,HIDF15000115,RGCF/06A/0120/S(19-5116),IMEI,863203041144649,,,"B535-235 [Support: 802.11 a/b/g/n /ac] [802.11 b/g/n: 2400 MHz - 2483.5 MHz] [802.11 a/n/ac: 5150 MHz - 5350 MHz, 5470 MHz – 5650 MHz]",HUAWEI TECHNOLOGIES (MALAYSIA) SDN. BHD
SQASI/20/LBL/759822,HIDF15000115,RGCF/06A/0120/S(19-5116),IMEI,863203041144656,,,"B535-235 [Support: 802.11 a/b/g/n /ac] [802.11 b/g/n: 2400 MHz - 2483.5 MHz] [802.11 a/n/ac: 5150 MHz - 5350 MHz, 5470 MHz – 5650 MHz]",HUAWEI TECHNOLOGIES (MALAYSIA) SDN. BHD
SQASI/20/LBL/759822,HIDF15000115,RGCF/06A/0120/S(19-5116),IMEI,863203041144664,,,"B535-235 [Support: 802.11 a/b/g/n /ac] [802.11 b/g/n: 2400 MHz - 2483.5 MHz] [802.11 a/n/ac: 5150 MHz - 5350 MHz, 5470 MHz – 5650 MHz]",HUAWEI TECHNOLOGIES (MALAYSIA) SDN. BHD
SQASI/20/LBL/759822,HIDF15000115,RGCF/06A/0120/S(19-5116),IMEI,863203041144672,,,"B535-235 [Support: 802.11 a/b/g/n /ac] [802.11 b/g/n: 2400 MHz - 2483.5 MHz] [802.11 a/n/ac: 5150 MHz - 5350 MHz, 5470 MHz – 5650 MHz]",HUAWEI TECHNOLOGIES (MALAYSIA) SDN. BHD
SQASI/20/LBL/759822,HIDF15000115,RGCF/06A/0120/S(19-5116),IMEI,863203041144680,,,"B535-235 [Support: 802.11 a/b/g/n /ac] [802.11 b/g/n: 2400 MHz - 2483.5 MHz] [802.11 a/n/ac: 5150 MHz - 5350 MHz, 5470 MHz – 5650 MHz]",HUAWEI TECHNOLOGIES (MALAYSIA) SDN. BHD
SQASI/20/LBL/759822,HIDF15000115,RGCF/06A/0120/S(19-5116),IMEI,863203041144698,,,"B535-235 [Support: 802.11 a/b/g/n /ac] [802.11 b/g/n: 2400 MHz - 2483.5 MHz] [802.11 a/n/ac: 5150 MHz - 5350 MHz, 5470 MHz – 5650 MHz]",HUAWEI TECHNOLOGIES (MALAYSIA) SDN. BHD
SQASI/20/LBL/759822,HIDF15000115,RGCF/06A/0120/S(19-5116),IMEI,863203041144706,,,"B535-235 [Support: 802.11 a/b/g/n /ac] [802.11 b/g/n: 2400 MHz - 2483.5 MHz] [802.11 a/n/ac: 5150 MHz - 5350 MHz, 5470 MHz – 5650 MHz]",HUAWEI TECHNOLOGIES (MALAYSIA) SDN. BHD
SQASI/20/LBL/759822,HIDF15000115,RGCF/06A/0120/S(19-5116),IMEI,863203041144714,,,"B535-235 [Support: 802.11 a/b/g/n /ac] [802.11 b/g/n: 2400 MHz - 2483.5 MHz] [802.11 a/n/ac: 5150 MHz - 5350 MHz, 5470 MHz – 5650 MHz]",HUAWEI TECHNOLOGIES (MALAYSIA) SDN. BHD
SQASI/20/LBL/759822,HIDF15000115,RGCF/06A/0120/S(19-5116),IMEI,863203041144722,,,"B535-235 [Support: 802.11 a/b/g/n /ac] [802.11 b/g/n: 2400 MHz - 2483.5 MHz] [802.11 a/n/ac: 5150 MHz - 5350 MHz, 5470 MHz – 5650 MHz]",HUAWEI TECHNOLOGIES (MALAYSIA) SDN. BHD
SQASI/20/LBL/759822,HIDF15000115,RGCF/06A/0120/S(19-5116),IMEI,863203041144730,,,"B535-235 [Support: 802.11 a/b/g/n /ac] [802.11 b/g/n: 2400 MHz - 2483.5 MHz] [802.11 a/n/ac: 5150 MHz - 5350 MHz, 5470 MHz – 5650 MHz]",HUAWEI TECHNOLOGIES (MALAYSIA) SDN. BHD
SQASI/20/LBL/759822,HIDF15000115,RGCF/06A/0120/S(19-5116),IMEI,863203041144748,,,"B535-235 [Support: 802.11 a/b/g/n /ac] [802.11 b/g/n: 2400 MHz - 2483.5 MHz] [802.11 a/n/ac: 5150 MHz - 5350 MHz, 5470 MHz – 5650 MHz]",HUAWEI TECHNOLOGIES (MALAYSIA) SDN. BHD
SQASI/20/LBL/759822,HIDF15000115,RGCF/06A/0120/S(19-5116),IMEI,863203041144755,,,"B535-235 [Support: 802.11 a/b/g/n /ac] [802.11 b/g/n: 2400 MHz - 2483.5 MHz] [802.11 a/n/ac: 5150 MHz - 5350 MHz, 5470 MHz – 5650 MHz]",HUAWEI TECHNOLOGIES (MALAYSIA) SDN. BHD
SQASI/20/LBL/759822,HIDF15000115,RGCF/06A/0120/S(19-5116),IMEI,863203041144763,,,"B535-235 [Support: 802.11 a/b/g/n /ac] [802.11 b/g/n: 2400 MHz - 2483.5 MHz] [802.11 a/n/ac: 5150 MHz - 5350 MHz, 5470 MHz – 5650 MHz]",HUAWEI TECHNOLOGIES (MALAYSIA) SDN. BHD
SQASI/20/LBL/759822,HIDF15000115,RGCF/06A/0120/S(19-5116),IMEI,863203041144771,,,"B535-235 [Support: 802.11 a/b/g/n /ac] [802.11 b/g/n: 2400 MHz - 2483.5 MHz] [802.11 a/n/ac: 5150 MHz - 5350 MHz, 5470 MHz – 5650 MHz]",HUAWEI TECHNOLOGIES (MALAYSIA) SDN. BHD
SQASI/20/LBL/759822,HIDF15000115,RGCF/06A/0120/S(19-5116),IMEI,863203041144789,,,"B535-235 [Support: 802.11 a/b/g/n /ac] [802.11 b/g/n: 2400 MHz - 2483.5 MHz] [802.11 a/n/ac: 5150 MHz - 5350 MHz, 5470 MHz – 5650 MHz]",HUAWEI TECHNOLOGIES (MALAYSIA) SDN. BHD
SQASI/20/LBL/759822,HIDF15000115,RGCF/06A/0120/S(19-5116),IMEI,863203041144797,,,"B535-235 [Support: 802.11 a/b/g/n /ac] [802.11 b/g/n: 2400 MHz - 2483.5 MHz] [802.11 a/n/ac: 5150 MHz - 5350 MHz, 5470 MHz – 5650 MHz]",HUAWEI TECHNOLOGIES (MALAYSIA) SDN. BHD
SQASI/20/LBL/759822,HIDF15000115,RGCF/06A/0120/S(19-5116),IMEI,863203041144805,,,"B535-235 [Support: 802.11 a/b/g/n /ac] [802.11 b/g/n: 2400 MHz - 2483.5 MHz] [802.11 a/n/ac: 5150 MHz - 5350 MHz, 5470 MHz – 5650 MHz]",HUAWEI TECHNOLOGIES (MALAYSIA) SDN. BHD
SQASI/20/LBL/759822,HIDF15000115,RGCF/06A/0120/S(19-5116),IMEI,863203041144813,,,"B535-235 [Support: 802.11 a/b/g/n /ac] [802.11 b/g/n: 2400 MHz - 2483.5 MHz] [802.11 a/n/ac: 5150 MHz - 5350 MHz, 5470 MHz – 5650 MHz]",HUAWEI TECHNOLOGIES (MALAYSIA) SDN. BHD
SQASI/20/LBL/759822,HIDF15000115,RGCF/06A/0120/S(19-5116),IMEI,863203041144821,,,"B535-235 [Support: 802.11 a/b/g/n /ac] [802.11 b/g/n: 2400 MHz - 2483.5 MHz] [802.11 a/n/ac: 5150 MHz - 5350 MHz, 5470 MHz – 5650 MHz]",HUAWEI TECHNOLOGIES (MALAYSIA) SDN. BHD
SQASI/20/LBL/759822,HIDF15000115,RGCF/06A/0120/S(19-5116),IMEI,863203041144839,,,"B535-235 [Support: 802.11 a/b/g/n /ac] [802.11 b/g/n: 2400 MHz - 2483.5 MHz] [802.11 a/n/ac: 5150 MHz - 5350 MHz, 5470 MHz – 5650 MHz]",HUAWEI TECHNOLOGIES (MALAYSIA) SDN. BHD
SQASI/20/LBL/759822,HIDF15000115,RGCF/06A/0120/S(19-5116),IMEI,863203041144847,,,"B535-235 [Support: 802.11 a/b/g/n /ac] [802.11 b/g/n: 2400 MHz - 2483.5 MHz] [802.11 a/n/ac: 5150 MHz - 5350 MHz, 5470 MHz – 5650 MHz]",HUAWEI TECHNOLOGIES (MALAYSIA) SDN. BHD
SQASI/20/LBL/759822,HIDF15000115,RGCF/06A/0120/S(19-5116),IMEI,863203041144854,,,"B535-235 [Support: 802.11 a/b/g/n /ac] [802.11 b/g/n: 2400 MHz - 2483.5 MHz] [802.11 a/n/ac: 5150 MHz - 5350 MHz, 5470 MHz – 5650 MHz]",HUAWEI TECHNOLOGIES (MALAYSIA) SDN. BHD
SQASI/20/LBL/759822,HIDF15000115,RGCF/06A/0120/S(19-5116),IMEI,863203041144862,,,"B535-235 [Support: 802.11 a/b/g/n /ac] [802.11 b/g/n: 2400 MHz - 2483.5 MHz] [802.11 a/n/ac: 5150 MHz - 5350 MHz, 5470 MHz – 5650 MHz]",HUAWEI TECHNOLOGIES (MALAYSIA) SDN. BHD
SQASI/20/LBL/759822,HIDF15000115,RGCF/06A/0120/S(19-5116),IMEI,863203041144870,,,"B535-235 [Support: 802.11 a/b/g/n /ac] [802.11 b/g/n: 2400 MHz - 2483.5 MHz] [802.11 a/n/ac: 5150 MHz - 5350 MHz, 5470 MHz – 5650 MHz]",HUAWEI TECHNOLOGIES (MALAYSIA) SDN. BHD
SQASI/20/LBL/759822,HIDF15000115,RGCF/06A/0120/S(19-5116),IMEI,863203041144888,,,"B535-235 [Support: 802.11 a/b/g/n /ac] [802.11 b/g/n: 2400 MHz - 2483.5 MHz] [802.11 a/n/ac: 5150 MHz - 5350 MHz, 5470 MHz – 5650 MHz]",HUAWEI TECHNOLOGIES (MALAYSIA) SDN. BHD
SQASI/20/LBL/759822,HIDF15000115,RGCF/06A/0120/S(19-5116),IMEI,863203041144896,,,"B535-235 [Support: 802.11 a/b/g/n /ac] [802.11 b/g/n: 2400 MHz - 2483.5 MHz] [802.11 a/n/ac: 5150 MHz - 5350 MHz, 5470 MHz – 5650 MHz]",HUAWEI TECHNOLOGIES (MALAYSIA) SDN. BHD
SQASI/20/LBL/759822,HIDF15000115,RGCF/06A/0120/S(19-5116),IMEI,863203041144904,,,"B535-235 [Support: 802.11 a/b/g/n /ac] [802.11 b/g/n: 2400 MHz - 2483.5 MHz] [802.11 a/n/ac: 5150 MHz - 5350 MHz, 5470 MHz – 5650 MHz]",HUAWEI TECHNOLOGIES (MALAYSIA) SDN. BHD
SQASI/20/LBL/759822,HIDF15000115,RGCF/06A/0120/S(19-5116),IMEI,863203041144912,,,"B535-235 [Support: 802.11 a/b/g/n /ac] [802.11 b/g/n: 2400 MHz - 2483.5 MHz] [802.11 a/n/ac: 5150 MHz - 5350 MHz, 5470 MHz – 5650 MHz]",HUAWEI TECHNOLOGIES (MALAYSIA) SDN. BHD
SQASI/20/LBL/759822,HIDF15000115,RGCF/06A/0120/S(19-5116),IMEI,863203041144920,,,"B535-235 [Support: 802.11 a/b/g/n /ac] [802.11 b/g/n: 2400 MHz - 2483.5 MHz] [802.11 a/n/ac: 5150 MHz - 5350 MHz, 5470 MHz – 5650 MHz]",HUAWEI TECHNOLOGIES (MALAYSIA) SDN. BHD
